cleaning_step,dataset_affected,rows_before,rows_after,rows_removed_or_changed,reason,justification
Standardise dtypes and strings,OpenAQ sensor-days,97220,97220,0,date was text; parameter/name strings need to be consistent,Proper datetime keys are needed for merging; all rows already share a single unit (µg/m³) so no unit conversion was needed
Drop exact duplicate rows,OpenAQ sensor-days,97220,97220,0,duplicate rows,Identical rows add no information
Drop duplicate sensor-date-parameter keys,OpenAQ sensor-days,97220,97220,0,same sensor/day recorded twice,"One value per sensor-day is required before aggregation (none found in this file, rule kept for reproducibility)"
Drop rows with missing daily mean,OpenAQ sensor-days,97220,97138,82,value_avg is NaN,No measurement exists; imputing would fabricate pollution data. The date stays in the final dataset if no other station has data
Drop placeholder-contaminated days (min<=-9999 or max>=9999),OpenAQ sensor-days,97138,97114,24,sensor error codes (-9999 / 9999.9) were averaged into the daily mean,The daily mean is arithmetically contaminated and cannot be repaired from the summary columns
Drop negative daily mean,OpenAQ sensor-days,97114,97086,28,negative PM concentration is physically impossible,Clearly invalid values removed; extreme POSITIVE values are deliberately kept (flagged instead)
Flag negative hourly minimum (kept),OpenAQ sensor-days,97086,97086,602,min < 0 while daily mean >= 0,Daily mean is valid; flag lets downstream users test sensitivity
Flag sub-hourly sensor-days (kept),OpenAQ sensor-days,97086,97086,34483,observed_count > expected_count (percent_complete > 100),"Sensor reports more often than hourly; raw percent_complete is therefore not capped-safe, coverage_pct is capped at 100"
Drop incomplete sensor-days (<16 of 24 expected readings),OpenAQ sensor-days,97086,77670,19416,fewer than 16 readings in the day,CPCB National AQI requires >=16 h of data for a 24-hour value; a 2-reading 'daily mean' is not a daily mean
Drop stuck-sensor days (min == max over >=16 readings),OpenAQ sensor-days,77670,77412,258,all readings identical (of which 217 are exact-zero days),Ambient PM cannot be constant for a day; zero days were diagnosed as faults (min=max=0 while other sensors read a median of 83 ug/m3 on those dates)
Drop days containing an analyzer ceiling code,OpenAQ sensor-days,77412,77129,283,"daily max equals a repeating saturation value [999.99, 1000.0, 1191.0, 1985.0, 1989.0, 2000.0, 3490.0, 4985.0, 4996.0]",A saturated reading is averaged into the day's mean (same logic as the 9999.9 placeholder); on these dates the median of all sensors was 158 ug/m3
"Drop peer-inconsistent days (>8x peer median, value>150)",OpenAQ sensor-days,77129,77118,11,one station far above all other Delhi stations the same day,"Local sensor spikes (see the hourly max vs peer level printed in 4b) rather than city-wide events, which lift every station together and keep the ratio low; needs >=5 peers, so single-station days are protected by the stuck/ceiling rules instead"
Flag peer-suspect days (5-8x peers; kept),OpenAQ sensor-days,77118,77118,10,moderately inconsistent with peers,"Not clearly invalid, so flagged not removed"
Flag extreme positive values (kept),OpenAQ sensor-days,77118,77118,77,value above the 99.9th percentile of its pollutant,"No official upper plausibility limit exists, so none was invented; statistical flag only, nothing deleted"
Check station/location consistency,OpenAQ sensor-days + locations,77118,77118,0,ids/names must agree across files,All station ids exist in openaq_locations.csv and names match; coordinates attached from that file
Check near-duplicate station feeds (<500 m),OpenAQ locations vs sensor-days,35,35,0,same physical station under two ids would be counted twice in the city mean,0 close pairs among stations present in the data (nearest pair is 1277 m apart); duplicate ids exist only in the locations file and were never loaded
Aggregate to station-day-pollutant (mean of sensor means),OpenAQ cleaned -> station-day long,77118,77118,0,one row per station+date+pollutant required,"Sensors never overlap on the same station/day (0 groups with >1 sensor), so the mean is a lossless pass-through"
"Pivot to wide station-day (pm25, pm10 columns)",station-day,77118,41547,35571,PM2.5 and PM10 must be separate columns,One row per station+date; outer join keeps days where only one pollutant exists
Flag PM2.5 > PM10 on the same station-day (kept),station-day,41547,41547,179,PM2.5 is a subset of PM10 so PM2.5 > PM10 is physically inconsistent beyond measurement error,"Flagged for transparency, not removed (could be sensor tolerance)"
Exclude non-Delhi stations from city aggregate,station-day,41547,39208,2339,stations named Ghaziabad / Gurugram are outside Delhi,"City-level weather/calendar describe Delhi; kept in station-day file, excluded from the city mean"
Aggregate station-day to city-day,station-day -> city-day,39208,2933,36275,merge key must be one row per date,Mean (and median) across Delhi stations; *_n_stations records how many stations contributed
Extract single-station reference PM2.5 series (id 8118),station-day -> reference series,41547,2836,0,"network composition changes across years (median stations per day by year: {2018: 3, 2019: 25, 2020: 20, 2021: 4, 2022: 1, 2023: 1, 2024: 1, 2025: 31, 2026: 31})","Only station reporting in every year; validated against the other-Delhi-station mean (Pearson 0.978, level ratio 0.914 on days with >=10 other stations). Added as an extra column; city mean unchanged"
Parse weather date,Open-Meteo weather,3195,3195,0,date was text,Clean daily datetime key for merging
Drop duplicate dates,Open-Meteo weather,3195,3195,0,one row per day required,No duplicate dates were present
Validate weather ranges and units,Open-Meteo weather,3195,3195,0,physical-range and consistency rules above,"No violations found, so no weather row was altered or removed"
Drop constant 'hours' column,Open-Meteo weather,3195,3195,0,hours == 24 on every row,Used only to confirm each day is complete; a constant column has no value downstream
Parse calendar date,Festival/calendar,3195,3195,0,date was text,Clean daily datetime key for merging
Drop duplicate dates,Festival/calendar,3195,3195,0,one row per day required,No duplicate dates were present
Validate calendar columns,Festival/calendar,3195,3195,0,month / weekday / weekend / season / festival-window consistency,All derived columns agree with the date; only the days_from_diwali dtype was changed from float to integer (no fractions present)
Recompute days_from_diwali with Diwali 2017 and 2026 added,Festival/calendar,3195,3195,272,"the file measured only to the nearest of 2018-2025, so early-2018 and late-2026 values pointed the wrong way",Rule reproduced the file exactly with its own 8 dates (0 mismatches); then extended with the two gazetted/panchang dates. Window flag unchanged (Diwali 2026 window falls after the last date)
Merge weather + calendar + city pollution on date,merged daily,3195,3195,0,build one daily table,Left join onto the full weather/calendar day list keeps every date; pollution gaps stay missing (no fabrication)
