location_id,location_name,latitude,longitude,timezone,datetime_first,datetime_last
13,"Delhi Technological University, Delhi - CPCB",28.744,77.12,Asia/Kolkata,2016-11-02,2018-02-22
15,IGI Airport,28.56,77.094,Asia/Kolkata,,
16,Civil Lines,28.6787,77.2262,Asia/Kolkata,,
17,"R K Puram, Delhi - DPCC",28.563262,77.186937,Asia/Kolkata,2016-02-05,2026-09-29
50,"Punjabi Bagh, Delhi - DPCC",28.674045,77.131023,Asia/Kolkata,2016-02-05,2026-09-29
103,"Income Tax Office, Delhi - CPCB",28.623499999999996,77.2494,Asia/Kolkata,2016-11-02,2018-02-22
235,"Anand Vihar, New Delhi - DPCC",28.646835,77.316032,Asia/Kolkata,2016-02-05,2026-09-29
236,"Mandir Marg, Delhi - DPCC",28.6341,77.2005,Asia/Kolkata,2016-02-05,2018-02-21
431,"IHBAS, Delhi - CPCB",28.6821,77.305,Asia/Kolkata,2016-04-10,2018-02-22
2503,"Shadipur, Delhi - CPCB",28.651699999999998,77.1581,Asia/Kolkata,2016-03-21,2018-02-22
2587,"Sector16A, Faridabad - HSPCB",28.410122219999998,77.313775,Asia/Kolkata,2016-03-22,2018-02-22
2597,US Diplomatic Post: New Delhi,28.598096,77.189066,Asia/Kolkata,2016-01-30,2016-11-09
5404,"Pusa, Delhi - IMD",28.639645,77.146263,Asia/Kolkata,2017-09-15,2026-09-29
5509,"Anand Vihar, Delhi - DPCC",28.647622000000002,77.315809,Asia/Kolkata,2018-03-09,2022-10-31
5540,"Punjabi Bagh, Delhi - DPCC",28.6670856,77.1301247,Asia/Kolkata,2018-03-09,2018-05-13
5541,"Burari Crossing, New Delhi - IMD",28.7256504,77.2011573,Asia/Kolkata,2018-03-09,2026-09-29
5570,"Aya Nagar, New Delhi - IMD",28.474261,77.131606,Asia/Kolkata,2018-03-09,2026-09-29
5581,"Pusa, New Delhi - IMD",28.610304,77.0996943,Asia/Kolkata,2018-03-09,2018-05-14
5586,"Sirifort, Delhi - CPCB",28.5504249,77.2159377,Asia/Kolkata,2025-02-18,2026-09-29
5598,"Sector - 125, Noida, UP - UPPCB",28.5447608,77.3231257,Asia/Kolkata,2025-02-18,2026-09-29
5610,"North Campus, DU, Delhi - IMD",28.6573814,77.1585447,Asia/Kolkata,2018-03-09,2026-09-29
5613,"ITO, New Delhi - CPCB",28.628624,77.24106,Asia/Kolkata,2018-03-09,2026-09-29
5616,"Sector - 62, Noida, UP - IMD",28.6245479,77.3577104,Asia/Kolkata,2025-02-18,2026-09-29
5617,"Sector- 16A, Faridabad - HSPCB",28.4088421,77.3099081,Asia/Kolkata,2018-03-09,2022-10-31
5622,"NSIT Dwarka, Delhi - CPCB",28.60909,77.0325413,Asia/Kolkata,2018-03-09,2026-09-29
5626,"DTU, New Delhi - CPCB",28.7500499,77.1112615,Asia/Kolkata,2018-03-09,2026-09-29
5627,"CRRI Mathura Road, New Delhi - IMD",28.5512005,77.2735737,Asia/Kolkata,2018-03-09,2026-09-29
5630,"Shadipur, Delhi - CPCB",28.6514781,77.1473105,Asia/Kolkata,2018-03-09,2026-09-29
5634,"Lodhi Road, New Delhi - IMD",28.5918245,77.2273074,Asia/Kolkata,2018-03-09,2026-09-29
5639,"R K Puram, New Delhi - DPCC",28.5646102,77.1670103,Asia/Kolkata,2018-03-09,2018-05-12
5641,"Mandir Marg, New Delhi - DPCC",28.6372688,77.2005604,Asia/Kolkata,2018-03-09,2018-05-12
5650,"IGI Airport (T3), Delhi - IMD",28.5627763,77.1180053,Asia/Kolkata,2025-02-18,2026-09-29
5665,"Vasundhara, Ghaziabad - UPPCB",28.6603346,77.3572563,Asia/Kolkata,2018-03-09,2026-09-29
5742,"Patparganj, Delhi - DPCC",28.6310495,77.2846218,Asia/Kolkata,2018-04-16,2018-05-13
5743,"Rohini, Delhi - DPCC",28.7407056,77.0577492,Asia/Kolkata,2018-04-26,2018-05-12
5744,"Dr. Karni Singh Shooting Range, Delhi - DPCC",28.4997315,77.2649067,Asia/Kolkata,2018-04-16,2018-05-12
5753,"Vivek Vihar, Delhi - DPCC",28.6687803,77.3130982,Asia/Kolkata,2018-04-16,2018-05-12
5754,"Jawaharlal Nehru Stadium, Delhi - DPCC",28.5828503,77.2321778,Asia/Kolkata,2018-04-16,2018-05-12
5755,"Major Dhyan Chand National Stadium, Delhi - DPCC",28.6125027,77.2351994,Asia/Kolkata,2018-04-26,2018-05-12
5759,"Sonia Vihar, Delhi - DPCC",28.67795,77.29868,Asia/Kolkata,2018-04-16,2018-05-12
5761,"Jahangirpuri, Delhi - DPCC",28.7258373,77.1605631,Asia/Kolkata,2018-04-16,2018-05-12
5762,"Ashok Vihar, Delhi - DPCC",28.6957202,77.1812947,Asia/Kolkata,2018-04-16,2018-05-12
5765,"Okhla Phase-2, Delhi - DPCC",28.5366411,77.2664587,Asia/Kolkata,2018-04-26,2018-05-13
5766,"Nehru Nagar, Delhi - DPCC",28.5639543,77.2587868,Asia/Kolkata,2018-04-15,2018-05-13
6356,"Pusa, Delhi - DPCC",28.639645,77.146262,Asia/Kolkata,2025-02-18,2026-09-29
6357,"Punjabi Bagh, Delhi - DPCC",28.674045000000003,77.13102300000001,Asia/Kolkata,2018-08-10,2022-10-16
6358,"Mandir Marg, New Delhi - DPCC",28.636429,77.201067,Asia/Kolkata,2018-08-10,2026-09-29
6359,"IHBAS, Dilshad Garden,New Delhi - CPCB",28.6811736,77.3025234,Asia/Kolkata,2018-04-28,2026-09-29
6924,"Indirapuram, Ghaziabad - UPPCB",28.646233,77.358075,Asia/Kolkata,2019-04-27,2026-09-29
6929,"Major Dhyan Chand National Stadium, Delhi - DPCC",28.611281,77.237738,Asia/Kolkata,2018-08-10,2026-09-29
6931,"Dwarka-Sector 8, Delhi - DPCC",28.5710274,77.0719006,Asia/Kolkata,2018-08-10,2026-09-29
6932,"Alipur, Delhi - DPCC",28.815329,77.15301,Asia/Kolkata,2018-12-15,2026-09-29
6934,"Dr. Karni Singh Shooting Range, Delhi - DPCC",28.498571,77.26484,Asia/Kolkata,2018-08-10,2026-09-29
6938,"Vivek Vihar, Delhi - DPCC",28.672342,77.31526,Asia/Kolkata,2018-12-15,2026-09-29
6957,"Jawaharlal Nehru Stadium, Delhi - DPCC",28.58028,77.233829,Asia/Kolkata,2018-08-10,2026-09-29
6960,"Patparganj, Delhi - DPCC",28.623748,77.287205,Asia/Kolkata,2018-08-10,2026-09-29
6980,"Sector-1, Noida - UPPCB",28.589247,77.321962,Asia/Kolkata,2019-06-28,2026-09-29
6986,"Knowledge Park - V, Greater Noida - UPPCB",28.557054,77.453663,Asia/Kolkata,2019-06-28,2026-09-29
6988,"Sector-116, Noida - UPPCB",28.56923,77.393848,Asia/Kolkata,2025-02-18,2026-09-29
7005,"Loni, Ghaziabad - UPPCB",28.757294,77.278792,Asia/Kolkata,2019-04-27,2026-09-29
7044,"R K Puram, Delhi - DPCC",28.563262000000005,77.186937,Asia/Kolkata,2018-08-10,2022-10-31
7434,"East Arjun Nagar, Delhi - CPCB",28.655601699999995,77.2859318,Asia/Kolkata,2018-08-10,2020-02-10
8092,"East Arjun Nagar, Delhi - CPCB",28.655935,77.294904,Asia/Kolkata,2020-02-29,2022-01-26
8118,New Delhi,28.63576,77.22445,Asia/Kolkata,2016-11-09,2026-09-24
8235,"Jahangirpuri, Delhi - DPCC",28.73282,77.170633,Asia/Kolkata,2018-08-10,2026-09-29
8239,"Okhla Phase-2, Delhi - DPCC",28.530785,77.271255,Asia/Kolkata,2018-08-22,2026-09-29
8365,"Nehru Nagar, Delhi - DPCC",28.56789,77.250515,Asia/Kolkata,2018-08-10,2026-09-29
8472,"Bawana, Delhi - DPCC",28.7762,77.051074,Asia/Kolkata,2018-08-10,2026-09-29
8475,"Sonia Vihar, Delhi - DPCC",28.710508,77.249485,Asia/Kolkata,2018-08-10,2026-09-29
8915,"Wazirpur, Delhi - DPCC",28.699793,77.165453,Asia/Kolkata,2018-12-15,2026-09-29
8917,"Ashok Vihar, Delhi - DPCC",28.695381,77.181665,Asia/Kolkata,2018-12-15,2026-09-29
10484,"Sri Aurobindo Marg, Delhi - DPCC",28.531346,77.190156,Asia/Kolkata,2018-12-15,2026-09-29
10486,"Mundka, Delhi - DPCC",28.684678,77.076574,Asia/Kolkata,2018-12-15,2026-09-29
10487,"Anand Vihar, Delhi - DPCC",28.646835,77.316032,Asia/Kolkata,2018-08-13,2021-09-20
10489,"ITO, Delhi - CPCB",28.628624,77.24106,Asia/Kolkata,2020-01-20,2022-10-31
10820,"Sector 30, Faridabad - HSPCB",28.4417,77.3217,Asia/Kolkata,2025-02-18,2026-09-29
10831,"Rohini, Delhi - DPCC",28.732528,77.11992,Asia/Kolkata,2018-08-10,2026-09-29
10900,"Teri Gram, Gurugram - HSPCB",28.4275,77.1465,Asia/Kolkata,2020-03-30,2026-09-29
10921,"NISE Gwal Pahari, Gurugram - IMD",28.422681,77.148944,Asia/Kolkata,2018-11-16,2026-09-29
11603,"Chandni Chowk, Delhi - IITM",28.656756,77.227234,Asia/Kolkata,2020-11-13,2026-09-29
11607,"Lodhi Road, Delhi - IITM",28.588333,77.221667,Asia/Kolkata,2020-11-13,2025-12-27
2860223,GK1 (Oberoi Terrace),28.5500047,77.2431058,Asia/Kolkata,2024-05-22,2026-10-02
3409496,"New Moti Bagh, Delhi - MHUA",28.57834,77.184,Asia/Kolkata,2026-03-10,2026-06-13
4663956,"Santushti Apartments, Vasant Kunj",28.5266,77.1493,Asia/Kolkata,2025-06-08,2026-10-02
4712609,Air Check,28.623056,77.234167,Asia/Kolkata,2026-01-28,2026-10-02
6105800,"Sector 1, Noida extension",28.583491,77.431714,Asia/Kolkata,2025-10-23,2026-10-02
6119272,"Sector - 5, Vasundhara, Ghaziabad, Uttar Pradesh ",28.658398,77.3780531,Asia/Kolkata,2025-11-04,2026-03-26
6145551,Anand Lok,28.5587,77.21886,Asia/Kolkata,2025-11-28,2026-10-02
6148686,"IIT Delhi, Delhi - IITM",28.54246,77.191651,Asia/Kolkata,2025-12-01,2026-09-29
6254594,"Talkatora Garden, Delhi - DPCC",28.62181,77.1944633,Asia/Kolkata,2026-02-27,2026-09-29
6254663,"JNU, Delhi - DPCC",28.540721,77.168544,Asia/Kolkata,2026-02-27,2026-09-29
6254665,"Commonwealth Sports Complex, Delhi - DPCC",28.615828,77.271992,Asia/Kolkata,2026-02-27,2026-09-29
6254666,"IGNOU_Maidan Garhi, Delhi - DPCC",28.493624,77.201159,Asia/Kolkata,2026-02-27,2026-09-29
6257818,"Cantonment Area, Delhi - DPCC",28.594169,77.1251,Asia/Kolkata,2026-03-02,2026-09-29
6299494,"Prashant Garden, Khora - UPPCB",28.61119,77.34206,Asia/Kolkata,2026-04-07,2026-09-29
6299678,"Ved Vihar-Loni, Ghaziabad - UPPCB",28.739153,77.273668,Asia/Kolkata,2026-04-07,2026-09-29
